Artist Name,Album title,Release Date,Record Label,Review (text field),Image URL,Profile pic URL
John Thayer,Currents,8/3/19,Self-released,"""Currents"" accompanied textile artist Lea Thomas' solo show, of the same name, at Trestle Gallery in Brooklyn, NY in Spring of 2019.",https://f4.bcbits.com/img/a2042430446_16.jpg,https://images.squarespace-cdn.com/content/v1/5aafcb201137a6500bcae4d5/1537117879376-2HNDK6DHRAWNO01P3RMS/ke17ZwdGBToddI8pDm48kPyxK6AB3zgGizbLyl3cQLF7gQa3H78H3Y0txjaiv_0fDoOvxcdMmMKkDsyUqMSsMWxHk725yiiHCCLfrh8O1z4YTzHvnKhyp6Da-NYroOW3ZGjoBKy3azqku80C789l0hHMyhIh2kKzuOL3ydJCryA1F0gmNLmEt4Nikyd91URavr8Aoi-yShiL3L-0iJr14g/johnyuba.JPG
M/S/T,M/S/T,5/1/18,Moon Villain,"M/S/T is the NYC based avant-garde jazz trio of drummer Mason Macias, saxophonist/flautist Craig Schenker, and drummer John Thayer. They formed in 2017 (after previously performing with Marnie Stern, Matana Roberts, and Drunken Sufis) and recorded their debut album, a collage of improvisations colored with vintage tape echoes and reverbs, at Thump Studios in Brooklyn.

The two sides of the resulting cassette show the sound of a group that has found it’s collective voice. Spontaneous, playful, and aware; this is reactionary music that evolves as a dialog between players through conversational percussion and echoes of European folk melodies.",https://f4.bcbits.com/img/a2704868402_16.jpg,https://f4.bcbits.com/img/0014957695_10.jpg
Lea Thomas  & John Thayer,Blue of Distance,10/4/19,Spirit House Records,"“Blue of Distance”, was written and recorded over the course of an artist’s residency in a solar paneled cabin deep in the sage bush mountains of northeast Nevada. Lea discusses the “cosmic wink” of getting to wake up every day in a vast wilderness, and the creative energy it brought about. After getting stuck in a desert storm, Lea began to see the wild as a place that brings around our own smallness, and therefore earns our respect. “It was really interesting being able to observe and create within the same breath,” she explains of the studio experience, “I think that was something that was really unique to being in that place and time.” 

By sampling natural sounds and creating from this place of introspection and outrospection, Lea and her partner John Thayer produced a rich tapestry of lyrics of sounds reflecting the landscape, a manifestation of the art of observation.",https://f4.bcbits.com/img/a2180070741_16.jpg,https://i.pinimg.com/originals/db/89/c0/db89c0bf49626101557bc40a8ee16059.jpg
The Internet,Hive Mind,7/24/18,Odd Future,"Their fourth album, Hive Mind, is an act of collective conviction. It simplifies and shores up the Internet sound with soft-focus blues, plush arrangements, and deep-in-the-ground grooves. The beats are shapelier, more boldly defined, and yet they still have the capacity to bleed into each other. “They gon’ get us to come together,” a chorus of voices sings on the album’s opening song, each utterance louder than the one before. And just as the title implies, they are more in sync here than ever.",https://media.pitchfork.com/photos/5b4657150e04ca4ea852ee9e/1:1/w_320/theinternet_hivemind.jpg,https://consequenceofsound.net/wp-content/uploads/2018/08/the-internet-2018-north-american-tour-dates.png
Phony Ppl,Yesterday's Tomorrow,1/13/15,Phony Ppl LLC,"I would have missed this album myself except for a chance December encounter in the Columbus Circle subway station. This Brooklyn future-R&B quintet, an evolution in personnel, direction and hard-ball touring since 2011 was performing for commuters and promoting an after-midnight residency at the Blue Note. I stopped because the first number I heard was hard, sharply cut funk vintage Living Colour with garage-rock force and stayed because the soul got bolder and deeper in ""Why iii Love the Moon,"" an instant knockout of velvet-Seventies romance and Kaya-era Bob Marley. Phony Ppl have a long library of internet drops, but this 15-track album, released in January and including that killer ""Moon,"" is the band's true declaration of arrival a matured fusion of modern-pop songcraft, live-band hip-hop drive, classic-R&B singing and instrumental Steely Dan poise. Guitarist Elijah Rawk, bassist Bari Bass, drummer Matt Byas, keyboard player Aja Grant and singer Elbee Thrie have history and ties with Theophilus London, the Roots and Erykah Badu. They are now ready for their close-up.",https://images.genius.com/150c978f0ec672ec2fd05dfa903f33da.768x768x1.jpg,https://c8d8q6i8.stackpathcdn.com/wp-content/uploads/2015/06/Phony-Ppl-Contact-Information.jpg
Kendrick Lamar,"good kid, m.A.A.d city",10/23/12,Top Dawg Entertainment (TDE),"Overall, good kid, m.A.A.d city is an invigorating LP. Every record is both complexly arranged and sonically fitting, foregrounding Kendricks vivid lyricism and amazing control of cadence. Theres not a single loophole. From the prayers on “Sherane a.k.a. Master Splinters Daughter” to the triumphant ending on “Compton,” each skit and track interweaves one another, solidifying a complete picture. While only time can determine the albums fate, this life chronicle of Kendrick has all if not more of the qualities rapes now living and deceased legends have carved in stone. Its an undeniably stellar major label debut from Kendrick Lamar, which will certainly hurt the self-esteem of many rappers out now while also inspiring them to reach these heights. Read More: Kendrick Lamar, good kid, m.A.A.d city.",https://images-na.ssl-images-amazon.com/images/I/81EYtj8oi3L._SL1500_.jpg,https://cache.umusic.com/_sites/kendricklamar.com/images/og.jpg
Foo Fighters,The Colour and the Shape,20-May-97,Roswell Capitol,"industry's standard dummy text ever since the 1500s, when an unknown printer took a galley of type and scrambled it to make a type specimen book. It has survived not only five centuries, but also the leap into electronic typesetting, remaining essentially unchanged. It was popularised in the 1960s with the release of Letraset sheets containing Lorem Ipsum passages, and more recently with desktop publishing software like Aldus PageMaker including versions of Lorem Ipsum.",https://i.imgur.com/NfgGeXi.jpeg,"https://images-na.ssl-images-amazon.com/images/I/B1uZ5IajDCS._CR0,0,3840,2880_._SL1000_.jpg"
J. Cole,2014 Forest Hills Drive,9-Dec-14,Dreamville Records,"industry's standard dummy text ever since the 1500s, when an unknown printer took a galley of type and scrambled it to make a type specimen book. It has survived not only five centuries, but also the leap into electronic typesetting, remaining essentially unchanged. It was popularised in the 1960s with the release of Letraset sheets containing Lorem Ipsum passages, and more recently with desktop publishing software like Aldus PageMaker including versions of Lorem Ipsum.",https://img.discogs.com/6qiv-dn8cuS7b1XbC65ihNI5pfs=/fit-in/600x604/filters:strip_icc():format(jpeg):mode_rgb():quality(90)/discogs-images/R-6401788-1559588216-2211.jpeg.jpg,https://www.google.com/url?sa=i&url=https%3A%2F%2Fhip-hop-music.fandom.com%2Fwiki%2FJ._Cole&psig=AOvVaw1SCfLrEWUPuPtLJIVTn5PB&ust=1598971516724000&source=images&cd=vfe&ved=2ahUKEwiHk62b18XrAhWAlHIEHVgdAYEQjRx6BAgAEAc
Mastodon,Once More ‘Round the Sun,24-Jun-14,Reprise Records,"industry's standard dummy text ever since the 1500s, when an unknown printer took a galley of type and scrambled it to make a type specimen book. It has survived not only five centuries, but also the leap into electronic typesetting, remaining essentially unchanged. It was popularised in the 1960s with the release of Letraset sheets containing Lorem Ipsum passages, and more recently with desktop publishing software like Aldus PageMaker including versions of Lorem Ipsum.",https://www.ps4wallpapers.com/wp-content/uploads/2018/01/PS4Wallpapers.com_5a4dde29ca3da_f15d1a81c0c38ad7e402536d7892736e.jpg,"data:image/jpeg;base64,/9j/4AAQSkZJRgABAQAAAQABAAD/2wCEAAkGBxQSEhUTExMVFhUXGBoXGBgYGBgeIBoYGB0dGhohHRgdHSggGholGxgYITEhJSkrLi4uGx8zODMtNygtLisBCgoKDg0OGhAQGi0lICUtLS0tLS0tLS0tLS0tLS0tLS0tLS0tLS0tLS0tLS0tLS0tLS0tLS0tLS0tLS0tLS0tLf/AABEIAKEBOQMBIgACEQEDEQH/xAAcAAACAgMBAQAAAAAAAAAAAAAEBQMGAAIHAQj/xABCEAABAgQDBQYEBQIFAwQDAAABAhEAAyExBBJBBVFhcYEGEyIykaGxwdHwFCNCUuFi8QcVM3KCkrLCQ6LS4hYlNP/EABgBAAMBAQAAAAAAAAAAAAAAAAECAwAE/8QAHxEBAQACAwEBAQEBAAAAAAAAAAECEQMhMUESInFR/9oADAMBAAIRAxEAPwDj5AL8d0arwymDJPNjBEqVuqeGghgEFTXABvxeNIILBySgf1G/Dh8zDbCoDgKD5fQEk3OgEb4XDhIdgScp6Gt9SY8mrZTXqR106aRh1obm8YS4NupY/Epb+0Ey8IHJJOtLP90p/EAbIOacCfKOdWetOPPWLDPlpdVioqcM9UsPKd9RAvowJh1rlozmdlQsqQXSCKAPQcxp84X4PGy0KCCSpDs4SATUFyKVd3674sEns0vEqWCvKEtlIqkqUBmbqm/CGMz/AA2VkpMRm0/vCXLGeqY4ZWdB0mXNSWWhYcBOVgb0BSoXArURujDlSkyysKNCr+kFvM1lcqEtFb2p2en4IpmHRTEXdJv/ABxh9gsUUgKT4AB4lM7hQevGzne1YH+NrXrbaeCyl0mifCKuXN3cu9RAM+UVBOZajmepJLM9GJrUgH7ENJiwT3qvDRWUG67N4buHFKXERhKCkXzJZJCmHiLKOXV+JpaNK2jLZuMzSnAokgHxWKSzteoqBpwguVM8QdjmIIPDe+oNRwcQklqyrUlPhSWF3ATmG7eSwJZ9HjTa22MhSlAHgYBSi/AMBGk3QvRitFnA8WUp3gEAkB/7Xu0UvtRKOHxPfDxIUgBSTqlKWNN4JBcby0WDCbSUhQzJBdiGoeaTy9qQLt1SZudaw4IIAezsHNaEXaxrB1dh8KsHPUBRmIALhw1xRjW9aNWHMzDJRLSo5VKmEFgkk2qHJppvckQi2DOExpRVlWkZQomikgML019uJhzhknyKd2YjiKmu/WBkbHttgMX3IXnllaAorQAWIsLcCRXjrDDAY/PLUa94FKT3bF8oPhfd4WqSHdQesRKw6soIAKtRUOK+hNBAiNpGRNR+hCiyzcEEZX4MSD01hffDeAdr7UJQMicuYO1yNwJDV6awz7JbEQplLCVEuaswI4N/NeBgfaeBXPWBhwFuSoVYUBJZVt5HXdFp7EYNJlAkkKqLWINesNvWLTC2n+G2TLCSkoBlkWY03MdKXA1rvjmParZvdTlyqFKSCl2fIoOB0Li1csdJxapcsmWZol50k5lLAOoBBJu9fSKp2xwpTMkurMShXiVdWQ2LCvnfk8Jje1OTH+VIw0/IhMlQZSSADWqV/JyS/ExY8JNZblwMoNrFdifSvq0INvSsuVnIIBvdIOnMMWh1s+fmOcEBPdovuPDqPaHqMWbZWJoyiGdzXfan03wt27hCtBu5JKa0oKjmz+8GzkIloCksDcl3pu52aPZMta5KqABKipIZzfdrZXwhN/TaU6ct5YkrSoBSkgl7gMqh3Fh09uj9m5ktCUIdAVlBygh/SKRiAFAvdKs1NWNGrYAkf2h+JcmXMw8xCFl1KPhDkeE0qWArbhBy7ivHjo+xk2Ri0TJQmIX4VBgQWI+Yjm+GNAFEAoOU6FgS1THScBhJSUd6lGUlJvQsXofWKN2pwplzAZaSHlpcJIuCS5e7te8Lx3vTcuPWyTaAOUECl66tSnFmeAsIkAgPUgvRhmBbpcmDe9VZViCRbzNSnH5wGlDqUWcguOu8ddeEW259J5oKQ5Jp1cQumeJOfcW6aUe8N5anDO6TWrUN7Dg0Arw5DklruK0GnAXGsHbaATGKd9cpIFCwp1tC2aaEag3c+o9IOxFAaHfanOAu6q70jErNoOpKSoNcDmQCYW5B9tD0sQzhgQG36H2PtEn+UI/ar1P1g7DTbYuEzvWwpwqAed4Kx6MjJEzOS4GgTqNdYl2LKyhbOGRcaKKgx6fKI8fJSCgAhSjUnpVxG38GTpMEg1B8NAOQHw19YhWo0P6nAca9D90ieen8t9AMo5mvWgdhoI0wcwABSg+5PqB8/aCyfDgpYh6MQ2rX9XZ4f7NMuZMZ/KKu9bmjcSD0gTYcpM1RzDyjN/De/trBWHk5UKmJZLKZm8wFa7/CX4tC5Dj6ueycOpiEAHLVg1CasaioJIgxe1J6JZzyUd4FJSlCVnxBWrkAJYOWraFvZra6Qhcw0TV21KfMepcwk2j2omLVmSjKjOlYWQbMRva+m4xz2duvHXw123MXOQ8ySpBtkUQa8xQ9IQ4uWmVhlKWPMBvDoJFANfD8eEPe1G2ELQg5jlIzDK70D04uAI5/tnaD4lIJLIDAPQKU1tKJJD8egfiiXNZ0OxvaMASymWMpfKDSwGlwH31JHqHg+0qUzJYUhyVpKiTo9n0TYe8IceDnZ7O3AO9PV6QHjHCgSbHT2rF/zHPcnSF45OVYQRUArUBdTWfgG9497FYETphmqOcJLJSRQHU8TUgRXNlEzMOpgbuTvcn+IuPZPYyFySgzFoKSQoJIqL35axPPqaW4+8trVj9nImIyrQD8uR0Mc+29+SShfiB/VRykU3XFjvd+VvTs5M3ukrWrwpOV1XZVy9FKYGsVH/EFEtKJiUuSiWCDxKxu4A+kS4+qtyzc7VHET0y2aYHoxHDTlX5x0DspPk4kCYofmKYuCaKTQ0s7i7Vjjq6pfWLN2ExCs2XxZQXpoQx3RfObjkxvbp2GkDxd4o5sylJJuA7a8AD1hMcLLmZkrBceJKg9XJIJS5PiI9odYXFhfgmEMxq+oa6qs1RAmx0fmTkZfCk+DenMHKcxuCS/9hEe52tNXojTtE4RaA2ZAUynNSlRrQv4nPUDjBWzu0KpSl5QPMoh31JLmAe0aM6kyQRnUoBiRV6Cr6kiB9r7ImyyVJSS9Soe/KG1udnxurqHUiT3hK506YpaxcN4XNmOnJoi2xNXNlokuZikFYSoXIJBHoRx6wkwm08ty3p5id3OH2xsfJCwZimUzChIL10FKtUtC/my7NnyT86BzdnTZiSlSQAA7nTg3N6QglqPdqEuhS7lrkh2PRqR0mRjJUwZUqBYB2Liu5W53jnfaOX3M6YzpSt6cUvUdD7CK49ua1mG2usozOHKRR3u1jy00iFHaWYVipygigcFxyb0hFJxISlir3ND840kz03r0h5jCXJ0SWsTpf5YIzXe9q6VsIK2ZtFK/wAtUzu1yyXqR8CCYo2y+1Bw7+An+l6erU0hpgMbg8Sc+IyIU5dJXl3kMujj6wmWK3FyarouF2on/TQtMxXAv63Yc4ruDmJnjJMLqYqKgaiul+HSJcPtnZuElnupkt7NLdRLcn9SYpeE7RJlzs6ZZyaAq8Tc+ekJhh6bl5Jddne3NkKlyyoLzywAzgOA9idRpStYQpmKSSQUqcDS3C17RZZPaXDzEFBXlzUImDL4TxAyuOcVCYky1h7Z8qjpaig1waMeEPJfqOzJCVV8Iqenhq2/7EaTCo0zAF8oArRWlb36VieYtJokB9FVbjAM5NGSpleYMRpreG02y/EFmBqCfTf84xMoZm1b139dYPwwRMBSoDwmps+4u/EwPOwiQXBJPH5WEb8htFMX+WqjFgXpdLbtxESMrd8Y2lYQTBQmunMVpEHdTN/umNptnkpGSTkHmXr0NugtxgNa0BSkucwBZV6nhokB/swas+EVsKX0oOrfCB8LlzFS7Bq/u3dPusYdNZ4WAlANS1zbpya+/nE65QyLAUHBA0smny94jw5dWYgEqPFwD/EEWtV3Hw+usaetfB+w1ZXH6mawsCCQ/EkD13QZIIUje6iwBFS5UQoWBCWHXdE2xezs2YksAhNCpS1BNB7gM7FqtG20cLNwiFnuypwSnL5sxDJLgkpqU6vQ8o1xtrSyQNst0onJlvlClII3OBUDr1+D/F9oMOEBJSvMwASUnc3J4g7JYaYpQVMUVZ5MslReq5bIV4j5javAQw2hsuXLVmLGYrypZzS5bcHqYjlP6dGF1PVWUtSl+FJMuWAk/wBIV5QeJCT7RV8fIzrUQK5qjcRTXcYsqU4gKmmXLWuSpIQlk0M1K0rU7CpUM7CwYXvE+0eys9P5yVor48pISSCWUNzjpXnFscdRz53dc7xKJiFkOeovEE7EE5aDQfY01i0dpsPly5m7xRJADEZN4U7EPqC0KMkpKQSgzFHUkpSG0ADKJ4kjlDEWXY4VJws0kMCQEk6k1ITyvEPZvtHNlrXLGXMtRDq/SVFib2ESpxpGEzEBIKSmUl8wdXiNWd2QqvQ3cINkI70KU5zh35vSF1s0y1V2nypkhSp3frC0OoqUhGVb1YAFw9fWK72i2p36J8z9PgQOZJPwSqPZEpapTrWWUwA3uL84RbRxeWV3SRQrExXQFI/7iekCYaPnybhVPDBot3Y3GpEgpAAWldbVSq2t3+EVNSSocobdkgUzFk2yhxq7+EijM9OsNUp66RsTZkyevKhQYJdSzXKSQwH/ALqWppDPtZ2amowy5kqfNzJ8akhgFD9VvE4Fak2h/wBj8B3OGTm8xZRe7n6JYdIb4tToWn+lQ+I+kHGSBlnfj5vmuol6nXnx3xfuw23UzSmRPWy7IWo+fTKok+fcT5rGtTTtpyQidMSLJWpI5AkCBhTkY68uOZTSOOeWN3HacV2MllQmAAkOXoBQFnF6FvSObdqEKweIVLUhCwAlYcarSlSvRWYCG/ZfthiAoS1HvHYeJbPlHhD5VOabtY97ZYNWN2p3MtSErMtIGckAkIzt4UklTGlNI58OP85WVXLkuU2quFlqmpWqUgqCKlIulJ1yguRxDtrA87GJMtYBGYpLcyNDE2w9pHCYhE0foVlWBV0mihSho7aO0H/4mYRErECbJA7uakLDWJLuQP8ApPWByYfm9Dhnv1QXiaQvSIptS9KxktJBrC7YURGBLco8AjYPBBs0evHgjIzPFKgrBYohkmzgjhy9YCWaR4lUZltkySg+QVBOUka6gV400gWefElYuSpJsxBsYnweLK5YOYjw6D9Vi4433QvnqLMCXQxBLjWtOcIp8Rvlnvo7Xoaf3hq4LhJLnT4t0IhRMOZ1EGunH7IgnDzgVJB0ahFKkDXoekEHsjEeKoFC5Le497boZ/5gP3D1H/xhHODEq1BYi1v4enGN/wAH/T7n6xqyebi6WoNKc/SN5iM1VORRrfYDaRpikOFFIqL8eXqPSJ8MQz/poAnex1PygDtP+FUz5WqSH3fKHPZbZuaYpRL5Gyu7Gasskb2BvCwvlqrWg3M4NbxbdibIKpMjKQFKUZh3+EFQ5/pgyNasOK2YghEkTmEvzvZcwN5hqNd0aYdae9CFqEyWkKUopI8StCwsEgBLb3667EUlUsrmklc0KytUIB8CQ29ks/HjE+z0pwby53dlRcJyAeFNxnAtzP8AMEpdsLaEmWKOkKUQmtAXNNwcW4vDAYnDqlTJy7lwCFDyJdmrah9YhXteQZSgqTLIC1JCQCxLqAoxueJiXaszDCUiWZQrlDApsWfWtA8Jqb2fd8bbHkyu6EuStSFKRmOozO4NaBlFQ5EwPhcJLR30ucXXLCZoDGjjKsE1YFSVf9US/hCVLl9wkCYhkTASAQXLUN2J32iDb+yk4fD5Za6zEBDMSc6DmAJuP1Drwh4W+le3dlS5qJuHQhSQ6ZiXTYmhIzeWrH1EcqwWIUhS0HL4Sy0qDpLcOb1FY61IxE6dNXKH/pyZpJDlypTCvAJe+ojlO3pZRjJoN1eL1D6QS1NtHHZ0IlyxlQjM6Q9VKNSMylEBqAPv3tC3BT+6WW8qhXkInA10387fAxFNlvbSDoNm+M2uCgJB/SQnh6au0IEoD8mfW1I1lrFTuDjifsmN5aWFbm8AUijZtYY9lZBm4yQgEjNMALaoFVjqlJhYuhrQiGHZPELTOzSl5JgByKABYkhzWnlKr7+EYH0vLlsnLwhZtDHJlBaphZKUkqPAAfFvaKvsPtVPSgd6RPOrgJU3BSQEqPDL1hL/AIn7bRMlyky1kZiSoGhZLM41DqcG1IbGbpKpc+cFrUpj4ipVTvPCIiBu9/4gaSvVzBKVR1JpJczKQoOCKgg6i0bYzEmavvFqKlK8RNBy5UaI1R5LAKAWqwrXShpzeBfRniJaRuPqPg0NNrqM3AYZRqULmya6hkqS29gPYwtmRYtpYT/9NLO6bnPDMpQHxTEubw/H650vzHgbfekG4eWSg8flAU0+IwXhpoCAd1/v0jmWiNBiQGIURLDkexhMeNGiucZkc0xsI0Wn7rF57N9nMNOSAoTCvKCfEwctbKBZ9TAt0bGbuibYOIOVSMwBfMH4sDw0F98GbSkjIVUeoOj/AGRB+0dly5Us5EZVJIOa53C+jkHoIExeHSUkA0Nx84Xez60VS5ZcJO8+26tbn0ER40EKGXVjTl8Ilw8ss2qSVXL+vL3jzGM5OoHRix9owPVzASC1Vh70dI3fzHudG4+8AqmGieNOD/Yjf8Er96ozHOJTkrfQk1Z6/fOPJQYitutIk7miQo6h+Q9zvrGYRLsN6gOjgffODAozDYYzShAFVkJA3FRAHxvF5w2AmSytcssiVKKU7nWKUApQjTS8Idn4FX4hGWmVKi43gMNRvEWbZ+MmyJNRm7yapTG+SXQb/wBqd97wYFV/YmDTPnzVzR5FlqhkOAonLZlTM1eQi07J2gnETAiekSyn/TWKBh9257gYq+y8YoqmTZSQoF5a06kGZlYPRikPR6p41f4nEykYdkhwRmIVdBoEozGj6sC4c9SLb/MJMwSkqQCgzaWDsSbFtC8H7QmYYzZQyCjqbw6ADfvMZhZGGzyJeTypJoHqAE6c4hnJw6p8xkq8Mt3ZX6nI43hB+oe0OIBSmZg5aUpFDMZm08O5vbo0V7bM+YuQSJylCYpKSrKAkTAoMXDUILlgTbxQ3x2IQiUuTNIcoZEpJd1VKSebOzM4O+KgEzpuRM1TJKmYCiS4Sw3lyB0EOVY8JipiVLElLCbKKUGpOQOEEi4dLKPMxzbt2lScbmOoF91o6xg9qPiJKZcsJT3Kkh+QtvYDTfHMP8RELJkzF3IULEWL6wGpOhUerVEco0B3xkyHKFyV5l/T+TE8RpFY8mKoYVkUxYEH9mB+cx/aT8IUzDDvsnKeaSzslvU+3OBvsY6JgFABizEUoW3GwpFH7RTycQxZwl6tck/QRdESyuUcjeHxlIBJsKA6/HnHP9pTc+ImEWAAv1vSHwvbZzUYh+H/AFQSn7rEOHoDpa3WJkTToVev8R0xBLHkhKsnlNM1QKBll39o2K3AtrpyvEcmxFfMrXkf/IxrWaqMWXG49StmJlJAAZIVcksX6AkfKK6VkJoSKn4CG+CObD90VeYE131b3+ES5r0pxSbUmahyOUayXBKfukSqdByqFQo/z7xEVePhHMq9QYmBgVGvMxOhXp8IcjcxqU8/Ux67/wAR5l5+sZmkxFI6b2SxDTFGyVpQQGZ6Cp1BoacY5sU8AOMWzY2OORExVQxBIYHNa2lW9YXKbinHdVbu0OAdCyLlJam6o94pBSWSq4yjTVNK/wBovOGxalI8VaWawH1Pwil5ixTuJPyNNaN1iWO50rnZe4AlTMqlPfxU5F93H2gYELU1hbm8ZjF5mIulRFdxt8YBWCLgpUNd7boolTFeFDMNzitHFR6tA34zh7/xBOzZ5mApVcC73HLfAn+UHen0g7DRziKpUavufe1346wVsvEJTVYdgFAUrxvEK0gjlQ0HKNVOWCKMGY7qlveBBq27CmFSysBZfwoQlnKqEl6inyNRSLPjcQEI7tKu9yhlJmZEmWLkJYMpmdrtHO+zeGC1qCmKmABdiL0Bel4Zbdld3KJM2YyKKCi5ZWoVcpqHDn5Qd6DWxXZlK56SUgSpcsqWFEuVJSqlWB8wPrFnw+zsOnDSgpRJmTAoqNyQwNfWFmx8EsoloWAhBlJQxyvvZmoWcmukPZ+xn/DDvSCAVnqH+LQchl7TycJhjPWc5dKE/q311/2iF2F2bhycR+YPOEio0yt8TB2E2OSqcrvj5gm+jf8A2hZgdmLZxNcrnnU6HnuTA0Gwm08BmxU8omAgBCWNb0po7tFXMyaZ0lBSyvxIUXejKKgB/uyt00h1g9lTpk6asKA/NWpxQ+AFrcWin7WxU9K5JmOSVKa/iVMBAtUtm9IaNXRZeNEmbKUVywyihQSjMxND48/iIbcNIov+KoU6QVBaUrUxAbzB7VbTWH+IkTBKSZk9TsFZQhCa8wl94AewijdqMYo50rWS5CkvVV2OY/8AGBuBroowSvCOsTLtA+BNDzgmcaQ08KgUdIhnWaJSLVgearQQGRKOgi0dhsOFrmAlh4ATzJv6RVWiwdk8SEzcqrLDdU1Hz9YSnx9dMl4cS5SlBYU4YsXCavTQRyhS3mTDvUT6lUdZlqUqSf20dqewoY5p2iw3dYlx5V1/5a+9esHivY8l3OnuFVfp84nL2A6wFLfT5NG/eD+BHa5U6xasRSlhlJL5gt+igGo3D7eMznkPf1jEoGY2qlri4UL7r6wMhjZKqNxPwH0MH7MxKB5idzDhaFSnCq1a9X9xQxtgwVKpd/tolmbBD2iR4go/qr8j8oWpllj0J5GkWHbMl5VRVP8AaK7LOpsQ0Qs7VaSzU84mG8XiGSIlAhoVI43RhVGoEbNGZpDns0supBsSlTcnf5ekKmg7s7//AEofjAvhsfXTFjJKDAgUe/Tg0UrGYkALcPufeN3QD1i4bUnhMt3oAwHJ77zURS8blVMKWPidmG6x4OABEsXRyAcQugWCWUQSzXv8IlUpKkl6QKtP5YSCTlfTfW3CNsOokA8Q/L7MPEECE5Fgh2NweNv7iGTDd7j6wNNw1CKkC3yI+90Qf5un9nx+sZu4cFvELOkj0bjWIJ85jQ/YubQRNlUBbw5gL/uLNAU9O/eCz2f+0GDTjs0kqWSP0jMK8zuizdscIlMlIQAe9UjKquqgWI06bornZmXln5ahx7jh1aGfanFHupaahImIII0zGvo9IF9HHWjzB4XETUyiqheao5uOVKaN/XDTHbOm/iQAUshAFk8OHOAdloxC1ILFwZSTUitFmx/qbpGYmVifxE8pHlS3mVuP9XAQ1KJwWzJwkKV4XKyaAWFhavkgHZOEnDuyAG8aqHVjoG/dGY+XikYNiWdJPhK3q2ub+swIheJkS1lKVsiXluP1a1fQCNGE9mxOSnMyqpnKNePF4qmFSZ+MkpJ/0kAknRRfhur0EOpU6f8Ah195KnZUSjVJCQCs3OptEHZvBhKTNYS1LrlerWDOaa0+sa+Mn7QkJSQkHgdC5JBIanDlHLtqz+8WVX0B4D63iz9rtpmssKdyxo3AnfwrxiozBSBPC7FYQeERvNVHkhLAco1Wr+If4CIqiFR484lIaH2y0zylOSVK7sOM8xCQni6rqI4PC00m1fl4dSyEoSSdByuYc7N2FPJCwAnKxGY3Iro7Q/2WJFQEy1Lq8xKWQW0Bau+8HY/HJlockJDOOUTtWx45rsy2TPzJZyDrZxoav7wi7cYHOkKTQpLl/r6QNsbbKVLfMXUXIIZuW8ARaZ8nvRlLEEF7Vffut7QZ1dpSd6VyT2HxSpaZiEoWFAHwFOvMisB4nsvikVVJmDkl/g8dD7FbQXlVIySsyCcoXMc5eIHiB5gw02ptbEShU4KUP65xHxTHTM6jcXFu6KTUkdIn/CrMtU0S1KSgeJQFkkVfkK9BpWLbtLHzcZMMmWMGqblzZwmaGDgUWwzGukSzuz09Ukyl4wPlI7tEoJQ1HBVc+bdqYXPnxnX00476pODwS50xMuWMylUAHx4Bqww2xsJeAnS85BCw4UP3AMR9N7aWA+KnT8BOMuVNSDlDLSkE5VVIdQLVBdgLcYmTOXipCjMWpc24JckFLlNbAMW6wuXJ+pLDY4aqKarPLW9aF4q6rHnFu2Z+ZIzMQGIdrnnvd4qE9P37GEotmILBuMTSjWtRwofnziKWHclo9UANBDQpglckCqVk6WHvmNOh+cBh/sRqlUe9WjCIGCm5c+ReRic2Q5WFzmZmht2MwZmTySKJT7q49Ia/4dY2d3hkZyZDEkGwUSLcTWLknZiJZUUISjMXoBU7y0Szy106OLi3rIh7V+BCUgjxFq7hUv8ADrFYkYRS2WnyoCkmpB9GbWHPayc85MvQN0o56UHvEeFlkJPiSHcEHVL2brAx6jcl3kQLlMCQQTR+F3cenpAEuYpKq6GLBiUMtTADRt9KU9Yr2MlFCju1/iHiNNEFwFA0ao4GnqGiP/K/6R6wPgsSCCDZj7x7+OT+5fqmMw/ETiEFJ1beXIrTdE8jDpIDE6D3tGs9LjSlTSxevSJMBOD8C9t4pq7CkGD6YyQUTJalUL6c4Y9pCFSpKgH8Uoq6LavFmgYywUJUASAcwFPSLNK2aidh6JAUwZQ3tT0YU4QmVksqmONyxsiDZG08QZ6wEqylfeItbxAfps6faAp+PxKhOYLCe8dSnFSCCwoNTHvY7bEyXMCJ1FpKkaHVShVxSpbg0eTNur7hbUdZskatrmPwiyOhu19sYhMgJUlbZGckG+XQo4aGJ/8A8iWJUxORSvyxTLqCQCaWhRtnbc+YUIQSp8oqg6E2LfSGGy/xEzvELUlIVlSo5C7CtCTTXQwNyTdGY23UBYfbGKmJyKZMsy/GSA6hoBQa67iYW7ZxZRLzFVMuhsA7AxcsXh5aEMUvoHfdv3RzbtNjEIzy5afMkglVWBNxxLNyieOf6p8+P8zarYyYVkq1+kW3YfZJM2SmYqaRnDhKUi2lSa+kVOVJK2QLn7rHTuyGKQJCUrWEmXlQc2rlk33gxstybjccxt1VH2psWdhw60+GwWLHdyPOFaRrHZNp4bvEFBAB8QfiBY8CkmOPTpRS7igJS5apTSguRavGDhludhy8f5vSKbKIqTevL7ETy8UElOdPeJA8KFKISCauw+GrxoSVsGbc/wBN0SzMCQkFRruEPracuhkrHFQ76cR3ctTS5SQAFLABsP0h3P8AeAMVjF4hRXMLk+g3NAk2UAY3kKaEsP8Aq1LKdNdXjomwMb3koLPmSASH+zVvha8c8KtGcw72DjFInS0s4mSw4NiUqWA+8eFvSBG2sXaLYs2cEz5OZCgGX4soVQGlbt9Iqe09kzJDGbLKc9luCDvDg3qDWvvF8ROJUMwLub3VuATpV/FpcmBv8R5H5KCguEqBWNWAIB6PWDLro9w3LVWSJuGTKxiCkJmEJCWLHzBaWJdgEIU+pmBnYweO1gIPgmAkVAWCl7m6nvw6Qmx+IH4WUhmOYrDPcuFknMUqsAzAp41JXFbb4Nxl7qUysT7Qxip00zF3NhuA+P8AeLX2I2cMQib+aQoKDoDuAUgAknQsQDW1YpAU5fdF0/wvGSZPnnwoQgJUSaF3OWur5T0jZdTo2HeXZniZKMPL7tILClfWpjm05QUsgWJU3UvFw7V7UzDKknxOKu9bltA0U5aQlQ3ff1gDl/xrh03eN1S2t99I8kGpP3eNyRDxIO7GJETOQjWeI1lxmXPs7teWiWhAZJBzqcgFa3ZI6Upy4w2ndpe4QXVnZxV3Us3CaUQmg4xzgyuUbYdDKBpcXtfXhCXFactk0tBnKmEKWPGUgkEkVO57ECkSTMOtnS7fuAFet6fOsC5jMRmAGYEvcWLPelBaBCVKJZS23OotwIEADKRjGzhYzL30qB/cwBi0glxZWnKPCrKxIULZSQd9Q+6kYZtKtej/AHeCCCZhg1nIoPvWnzgBuBg6Zia1B9Y0zJ4eojBVhxMtk8y3rb4QPgASpIerkeo+sFYo5s3A0PIA/EwNhPNXfb75wRP50koSUpVqGrwFeEW3Z08Jkk/tFfj9Yo2GwxmEEFmL62r6W94c4bEJS6Zi2BGRTmwIOU+jj0iec2txFfaLtB+GmomIluZqQqpAAKWykUP7mPACMwnbCWZagpIQoKzMo6NoLKryiudrVHLh0E+KWgoIbROUAvYggPSFcwaxXDxDkv8AVXyf26C5iVgLCQXOSWgKoKAZlEM5NYO2J2hXiZipndlMpDISkl1LWs1KiNRT1jl/fEEDpv5RfezU/uZCCPEonw8ZswsLPRIZ93SF5JNH4b2tmMnZ971FhoK9BHK9sT+9mrWPLYchT75xccftU5cQpBohH4aXW8xZzTD0ASSeJikTyyQBYRuLH2jz571Eux5VSs8hy1++EM5eNVIUVpllYUkoUkDzJVRqgh9QWNoH2YlkDl/MSzTFtdac++9tZnaOfNT41KCaAlZDKKapoySSwPN6xW8biStRUVZlFnLMBQUA3C3SGWMAqctW4CFGHT4hR4ncdHuVvplgJbE62c6vr8oN2goMKxDhUswHUx7tNTgART4QqKsxjeWl/SsRJiZBau+I1SG2wtmiesgkgJD013CI9vyhLmoyDL4AQAXysom+tTfeDDHsvIJTMVvoBQOQH1voKb4D7Sy/ElTuwY/8qj/tVAx9G+LNsnb6lSkLUQBmCFMapUaAtuPh9REmMxLJVnOeagFTKDBctQ5Xyj2UI57nLFIJY3A38oY4Fa1r72ZMJEpLkl6/tS/E6bntDWGnL12h25MAaUkECW4FrEJLdC8Le+tyiScSokm5ck8TA6RGSEyCKAksSHYVagLPrF5k7UlykgZQEIcJlI8QCv3zZllr/pBigoL/AEiy4fAD8ChZVQrUyeRKflAyU48tAMfje+mqW1z7fM7+MBzhUcLwTka0QYigMAL2HkJoecSER5KjdUUiYeaKRpLEEy0OtI6wPqeZjfRTJETYGWFTEi/8ViERPssnvUtd/wC/s8atPTfD4NaWZXhVWo8p1F7/AEMF4BYCSmyg7cW+d6coPws0ZmUWNxrcNpz940xOCcGw1ZukSUAbUl+A/tqQON4WzCG8ocfdYcJw4yswsxrpCebKamoo4hgoOaoFnDR73Y3CMnSS1BAuc7owLVnuk0L14vf3EaYME5i1ST8h/MQqUxzqvWm4fWrwRs4O5/n21jQasmBlsgb7Ftd9eceYrDIUnxpC7sCLQPg55SQlSD/uJ9PaN584EnLdJqd4b3vaBrsVC2qtecyyVFKVKyA6Dgb2aNEkEUpDPbkrLMf9wfrY/KFqjFYlQYBKg13Ah5s7aK5ZSQxCM2UEUBWCCaVephLh/wDUT/vT8YZMyiOJ+MadtuzuC0rWU5SSUuVMTTMaEtvgPE1+HrSDEWvSBVqdSdz06Vf2h6U3w6GTEWIMTyjSBcSYzF2LNCYXYMeLp9IP2gPDAOFPj6GJ3008N8PcARDteYGpyJ38BEsthVXl3DXnv5QDtWYVLrQCydwhreggaXG7tGqDSMMRVXnYqGloRZ0k0uSWY86+/or25KyZUzTRToJFcpGUpJFHao6nfDPYckqCSVAJCRx3O4/T92hN2rnAlKU1AKjzsHfXWBj6OXhUNnLFQpOT9+YZSPj0aJMTOASJaS6RUkhipR1PDcIFQBePZkVSCzTEQiSd9fv4xqg1hRTMwiwKmEYWSga5j/7j9YQJSSd0NcZN8EtDNlQKvc3eNRxQqWzxFMQ4rHiDpGy1DfCmRIGkeqjwKqY1UqKRN6hbLB6QPqeZidB8QiJdFqHEwPo/Gz6awTso/mCj3fk0Cq4UhjsOTmWakMkkEaHT5wa09PErCRmoXa43hqe0ZNxGQb6339PnEKcIwqtRDg1LX4hucS4WWgZagOKggA+0SVeoxDFyGTb1HOA8aQDmDMbwTjBnTx30tp8YVYxRYJp/OnuIYKkUjWBu6RuPpEuHnBQIsRpGmXimCUyn/MfGNMBccxHsZGE3R5f+SvgYlwvmm8//ABjIyAxN2j/RCNOsZGRSJ5ehJXnT/uHxhofMrmY9jI2PrXxOryGIJ/mRzPwMZGQ9LDKRaNJ94yMjMVTPrAWB8/rGRkTpjY3T1hbjP9RXSMjIOfjT1rG0v5j4xkZElF/wfkVy/wDNUVftN50/8v8AujIyNj6OZRKtG020ZGRRILP05D4CIoyMhBFybH70gyfZPJMZGRsjYh03jJ9xyPxEZGQBam55xoq8ZGRSEvrxHmTzjWf51c4yMgfW+PRDrsz5lf8AH4mMjINaemSfKOY+IiPaVx/tjIyJKpJVv+IhNtDXrHsZBCok/wCp1HwEFRkZBB//2Q=="
Chris and Cosey,Carter Tutti Plays Chris and Cosey,"February 26th, 2015",Conspiracy International,"Chris & Cosey's best songs create a thrilling energy from the start, and something about this idea gets to the root of what a lot of us want music to do in the first place. In its new clothes, the sense of build they possess – the knowing exactly when to engage and when to withdraw, when to zoom into techno territory and fade back into synth - is a central sensibility they retain here. Throughout their recording career, they've struck a careful symmetry between spontaneous, carnal creation and exacting a formulaic structure with specific intentions for each record. So why is 'Lost Bliss' the official starting point? I like to think it's because this is from the record – Megatropolis – a collection of work from 1988-2001 where they both struck on the thing that they can do better than anyone else – capturing precise sensations of simple pleasure; that satisfying ba-doomph of a machine smack, the delicious dankness of a well-tempered bass synth, tense reverbs amping up the music's visceral tremble. The track is an invocation of electronic music, and Tutti's voice sweeps in with haunting gusto to deliver a set of sliding phrases over sparkly synthesisers. They just hang there exerting an intense emotional force field - a feeling repeated on 'Obsession.' Its sound nostalgic soaked with a retro-futuristic minimalism that could summon a nightclub from a parallel future. It's gorgeous. The sex is there: ""Touch me, make me cry, desire me"", but there are clearly better things to do about sex than just obsess about it – possess it, for one – relish in it, for another.",https://img.discogs.com/5eAuM5DS4nprz-TpDDN1_L7Cako=/fit-in/600x539/filters:strip_icc():format(jpeg):mode_rgb():quality(90)/discogs-images/R-6733464-1425550273-8880.jpeg.jpg,https://img.discogs.com/pi-Z7j8L8z_wPgHP0mKs2JLjayI=/499x522/smart/filters:strip_icc():format(jpeg):mode_rgb():quality(90)/discogs-images/A-29040-1450905762-4295.jpeg.jpg
Andy Stott,It Should Be Us,2019,Modern Love,"It has been three years since Stott’s last LP, Too Many Voices, and eight since he put out a pair of consecutive double-packs that radically redefined the sound that, until then, he had shared with many of his Modern Love labelmates—a nuanced, warehouse-ready strain of techno that balanced Detroit’s expressive release with Berlin’s dub atmospheres. Passed Me By and We Stayed Together pulled the rug out from beneath dance-music convention, slowing the tempo to a rickety crawl and wrapping his synths in a layer of grit. It was less deconstruction than exhumation, with zombie beats trudging dully forward, dead-eyed and caked in earth. It has been three years since Stott’s last LP, Too Many Voices, and eight since he put out a pair of consecutive double-packs that radically redefined the sound that, until then, he had shared with many of his Modern Love labelmates—a nuanced, warehouse-ready strain of techno that balanced Detroit’s expressive release with Berlin’s dub atmospheres. Passed Me By and We Stayed Together pulled the rug out from beneath dance-music convention, slowing the tempo to a rickety crawl and wrapping his synths in a layer of grit. It was less deconstruction than exhumation, with zombie beats trudging dully forward, dead-eyed and caked in earth.

Stott reached his peak with Luxury Problems and Faith in Strangers, infusing slow-motion techno with hints of goth and bass music; at its best—particularly on songs featuring the vocalist Alison Skidmore—the results suggested the lo-fi trap remix of This Mortal Coil you never knew you needed. On the slightly scattered Too Many Voices, it sometimes felt like Stott couldn’t decide where to go from there—to choose light or shadow, movement or stasis—but with It Should Be Us, he plunges straight into the wreckage and never looks back.",https://media.pitchfork.com/photos/5dc5e210a9726900084045de/1:1/w_320/stott.jpg,https://s3.amazonaws.com/factmag-images/wp-content/uploads/2015/01/09101607/Andy-Stott-interview-2.jpg
Phase Fatale,Reverse Fall,18-Jul-18,Ost Gut Ton,"J.G. Ballard’s Crash is a jarring insight into car-crash sexual fetishism. The controversial novel is a central inspiration for Hayden Payne, aka Phase Fatale’s most recent record. Evoking the isolation of a night drive, the EP further explores the dystopian themes touched upon in Payne’s earlier work. Reverse Fall is the producer’s debut record with Berlin institution Ostgut Ton, having already released on their sub-label Unterton last year. Despite holding residencies at respected clubs such as Berghain and Tbilisi’s Khidi, Payne’s musical upbringing was far removed from the club environment. Instead, he was raised on the sounds of post punk and cold wave introduced by his father. In fact, it wasn’t until his teenage years when he started attending the infamous Wierd parties formerly held at New York’s Home Sweet Home, that he was exposed to the heavier sounds being imported over from Europe. As a result, Payne has crafted a signature sound that fuses the sounds of early ’80s EBM with modern techno. For him, these two genres are intrinsically linked, with techno developing from the work of earlier pioneers such as Kraftwerk and DAF. Formally, similarities are to be found in the mechanical instrumentation, and dark atmospheres, and by combining these genres, Payne refreshes the 4×4 rhythms of conventional techno.",https://hyponik.com/wp-content/uploads/2018/07/Artwork_O-TON-113_Phase-Fatale_1800x1800px.jpg,https://s3.amazonaws.com/quietus_production/images/articles/23234/Phase_Fatale_Press_Pic_1___Fredrik_Altinell_1505916872.jpg